0, 000webhost.com
1, 4shared.com
2, a8.net
3, abc.es
4, abc.net.au
5, abcnews.go.com
6, about.com
7, about.me
8, aboutads.info
9, abril.com.br
10, academia.edu
11, accounts.google.com
12, addthis.com
13, addtoany.com
14, adobe.com
15, adssettings.google.com
16, adweek.com
17, airbnb.com
18, akamaihd.net
19, alexa.com
20, alibaba.com
21, aliexpress.com
22, allaboutcookies.org
23, amazon.ca
24, amazon.co.jp
25, amazon.co.uk
26, amazon.com
27, amazon.de
28, amazon.es
29, amazon.fr
30, amzn.to
31, android.com
32, answers.com
33, aol.com
34, ap.org
35, apache.org
36, apachefriends.org
37, apple.com
38, archive.org
39, archives.gov
40, arstechnica.com
41, arxiv.org
42, asahi.com
43, ask.fm
44, asus.com
45, bandcamp.com
46, bbc.co.uk
47, bbc.com
48, berkeley.edu
49, biblegateway.com
50, biglobe.ne.jp
51, billboard.com
52, bing.com
53, bit.ly
54, bitly.com
55, blackberry.com
56, bloomberg.com
57, bluehost.com
58, booking.com
59, books.google.com
60, box.com
61, bp.blogspot.com
62, bp0.blogger.com
63, bp1.blogger.com
64, bp2.blogger.com
65, bp3.blogger.com
66, britannica.com
67, bt.com
68, bund.de
69, businessinsider.com
70, businesswire.com
71, buydomains.com
72, buzzfeed.com
73, calameo.com
74, calendar.google.com
75, cambridge.org
76, cbc.ca
77, cbslocal.com
78, cbsnews.com
79, cdc.gov
80, change.org
81, channel4.com
82, chicagotribune.com
83, cisco.com
84, cloudflare.com
85, cnbc.com
86, cnet.com
87, cnn.com
88, code.google.com
89, columbia.edu
90, connect.over-blog.com
91, cornell.edu
92, corriere.it
93, cpanel.com
94, cpanel.net
95, creativecommons.org
96, dailymail.co.uk
97, dailymotion.com
98, dan.com
99, daum.net
100, de.wikipedia.org
101, dell.com
102, depositfiles.com
103, developers.google.com
104, digg.com
105, digitaltrends.com
106, discovery.com
107, disney.com
108, disqus.com
109, docs.google.com
110, doubleclick.net
111, draft.blogger.com
112, dribbble.com
113, drive.google.com
114, dropbox.com
115, dw.com
116, e-monsite.com
117, e-recht24.de
118, ea.com
119, ebay.co.uk
120, ebay.com
121, economist.com
122, eff.org
123, ehow.com
124, elmundo.es
125, elpais.com
126, en.wikipedia.org
127, engadget.com
128, eonline.com
129, es.wikipedia.org
130, espn.com
131, espn.go.com
132, etsy.com
133, europa.eu
134, eventbrite.com
135, evernote.com
136, example.com
137, excite.co.jp
138, express.co.uk
139, facebook.com
140, fandom.com
141, fastcompany.com
142, fb.com
143, fb.me
144, fedoraproject.org
145, feedburner.com
146, feedproxy.google.com
147, fifa.com
148, files.wordpress.com
149, finance.yahoo.com
150, flickr.com
151, fool.com
152, forbes.com
153, fortune.com
154, foursquare.com
155, foxnews.com
156, fr.wikipedia.org
157, ft.com
158, ftc.gov
159, gesetze-im-internet.de
160, get.google.com
161, ggpht.com
162, giphy.com
163, github.com
164, gizmodo.com
165, globo.com
166, gmail.com
167, gnu.org
168, go.co
169, godaddy.com
170, gofundme.com
171, goo.gl
172, goo.ne.jp
173, goodreads.com
174, google.ca
175, google.co.id
176, google.co.in
177, google.co.jp
178, google.co.uk
179, google.com.au
180, google.com.br
181, google.com.tw
182, google.de
183, google.es
184, google.fr
185, google.it
186, google.nl
187, google.pl
188, google.ru
189, googleblog.com
190, googleusercontent.com
191, gooyaabitemplates.com
192, gravatar.com
193, groups.google.com
194, gstatic.com
195, guardian.co.uk
196, harvard.edu
197, hatena.ne.jp
198, histats.com
199, hm.com
200, hollywoodreporter.com
201, home.neustar
202, home.pl
203, house.gov
204, howstuffworks.com
205, hp.com
206, huffingtonpost.com
207, huffpost.com
208, hugedomains.com
209, ibm.com
210, ibtimes.com
211, icann.org
212, id.wikipedia.org
213, ieee.org
214, ietf.org
215, ig.com.br
216, ign.com
217, ikea.com
218, imageshack.us
219, imdb.com
220, independent.co.uk
221, indiatimes.com
222, instagram.com
223, instructables.com
224, intel.com
225, ipv4.google.com
226, issuu.com
227, istockphoto.com
228, it.wikipedia.org
229, iubenda.com
230, ja.wikipedia.org
231, jimdofree.com
232, joomla.org
233, jstor.org
234, khanacademy.org
235, kickstarter.com
236, kinja.com
237, last.fm
238, latimes.com
239, lefigaro.fr
240, lemonde.fr
241, lifehacker.com
242, line.me
243, linkedin.com
244, list-manage.com
245, live.com
246, liveinternet.ru
247, livescience.com
248, loc.gov
249, lonelyplanet.com
250, lycos.com
251, m.wikipedia.org
252, mail.google.com
253, mail.ru
254, mail.yahoo.com
255, maps.google.com
256, marketingplatform.google.com
257, marketwatch.com
258, marriott.com
259, mashable.com
260, mediafire.com
261, medium.com
262, mega.nz
263, mercurynews.com
264, merriam-webster.com
265, metro.co.uk
266, microsoft.com
267, mirror.co.uk
268, mit.edu
269, mozilla.com
270, mozilla.org
271, msn.com
272, my.yahoo.com
273, myaccount.google.com
274, myspace.com
275, mysql.com
276, namecheap.com
277, narod.ru
278, nasa.gov
279, nationalgeographic.com
280, nature.com
281, naver.com
282, naver.jp
283, nba.com
284, nbcnews.com
285, netflix.com
286, netsons.com
287, netvibes.com
288, networkadvertising.org
289, news.com.au
290, news.google.com
291, news.yahoo.com
292, newscientist.com
293, newsweek.com
294, newyorker.com
295, nginx.org
296, nhk.or.jp
297, nicovideo.jp
298, nifty.com
299, nih.gov
300, noaa.gov
301, nokia.com
302, npr.org
303, nvidia.com
304, nydailynews.com
305, nypost.com
306, nytimes.com
307, nyu.edu
308, odnoklassniki.ru
309, office.com
310, ok.ru
311, opera.com
312, oracle.com
313, orange.fr
314, oup.com
315, ovh.co.uk
316, ovh.com
317, ovh.net
318, ox.ac.uk
319, parallels.com
320, pastebin.com
321, paypal.com
322, pbs.org
323, people.com
324, photobucket.com
325, photos.google.com
326, photos1.blogger.com
327, php.net
328, picasa.google.com
329, picasaweb.google.com
330, pinterest.com
331, pixabay.com
332, pl.wikipedia.org
333, play.google.com
334, playstation.com
335, plesk.com
336, plus.google.com
337, policies.google.com
338, politico.com
339, prezi.com
340, princeton.edu
341, privacyshield.gov
342, psychologytoday.com
343, pt.wikipedia.org
344, qq.com
345, quantcast.com
346, quora.com
347, rakuten.co.jp
348, rambler.ru
349, rapidshare.com
350, redhat.com
351, repubblica.it
352, researchgate.net
353, reuters.com
354, ria.ru
355, rottentomatoes.com
356, rt.com
357, rtve.es
358, ru.wikipedia.org
359, sakura.ne.jp
360, samsung.com
361, sapo.pt
362, sciencedaily.com
363, sciencedirect.com
364, sciencemag.org
365, scientificamerican.com
366, scoop.it
367, scribd.com
368, search.google.com
369, search.yahoo.com
370, secureserver.net
371, sedo.com
372, seesaa.net
373, sendspace.com
374, shopify.com
375, shutterstock.com
376, siemens.com
377, sina.com.cn
378, sites.google.com
379, sky.com
380, skype.com
381, slate.com
382, slideshare.net
383, smh.com.au
384, so-net.ne.jp
385, softonic.com
386, soratemplates.com
387, soundcloud.com
388, spiegel.de
389, sports.yahoo.com
390, spotify.com
391, sputniknews.com
392, stackoverflow.com
393, standard.co.uk
394, stanford.edu
395, steamcommunity.com
396, steampowered.com
397, storage.canalblog.com
398, storage.googleapis.com
399, stores.jp
400, storify.com
401, stuff.co.nz
402, support.google.com
403, surveymonkey.com
404, symantec.com
405, t-online.de
406, t.co
407, t.me
408, tabelog.com
409, target.com
410, techcrunch.com
411, ted.com
412, telegram.me
413, telegraph.co.uk
414, terra.com.br
415, theatlantic.com
416, thedailybeast.com
417, thefreedictionary.com
418, theglobeandmail.com
419, theguardian.com
420, themeforest.net
421, thestar.com
422, thesun.co.uk
423, thetimes.co.uk
424, theverge.com
425, time.com
426, tinyurl.com
427, tmz.com
428, tools.google.com
429, translate.google.com
430, tripadvisor.com
431, trustpilot.com
432, twitch.tv
433, twitter.com
434, umich.edu
435, un.org
436, unesco.org
437, uol.com.br
438, urbandictionary.com
439, usatoday.com
440, usgs.gov
441, usnews.com
442, ustream.tv
443, utexas.edu
444, variety.com
445, venturebeat.com
446, vice.com
447, viglink.com
448, vimeo.com
449, vk.com
450, vox.com
451, w3.org
452, wa.me
453, walmart.com
454, washington.edu
455, washingtonpost.com
456, wattpad.com
457, weather.com
458, webmd.com
459, weibo.com
460, welt.de
461, whatsapp.com
462, whitehouse.gov
463, who.int
464, wikia.com
465, wikihow.com
466, wikimedia.org
467, wiktionary.org
468, wiley.com
469, windowsphone.com
470, wired.com
471, wordpress.org
472, worldbank.org
473, wp.com
474, wsj.com
475, www.blogger.com
476, www.google.com
477, www.gov.uk
478, www.over-blog.com
479, www.skyrock.com
480, www.weebly.com
481, www.wikipedia.org
482, www.wix.com
483, www.yahoo.com
484, xbox.com
485, xfinity.com
486, xing.com
487, xinhuanet.com
488, yadi.sk
489, yahoo.co.jp
490, yale.edu
491, yandex.ru
492, yelp.com
493, youku.com
494, youronlinechoices.com
495, youtu.be
496, youtube.com
497, ytimg.com
498, zdnet.com
499, zendesk.com
