0, Seven
1, World
2, About
3, Again
4, Heart
5, Pizza
6, Water
7, Happy
8, Sixty
9, Board
10, Month
11, Angel
12, Death
13, Green
14, Music
15, Fifty
16, Three
17, Party
18, Piano
19, Kelly
20, Mouth
21, Woman
22, Sugar
23, Amber
24, Dream
25, Apple
26, Laugh
27, Tiger
28, Faith
29, Earth
30, River
31, Money
32, Peace
33, Forty
34, Words
35, Smile
36, Abate
37, House
38, Alone
39, Watch
40, Lemon
41, South
42, Erica
43, Anime
44, After
45, Santa
46, Women
47, Admin
48, Jesus
49, China
50, Seven
51, World
52, About
53, Again
54, Heart
55, Pizza
56, Water
57, Happy
58, Sixty
59, Board
60, Month
61, Angel
62, Death
63, Green
64, Music
65, Fifty
66, Three
67, Party
68, Piano
69, Kelly
70, Mouth
71, Woman
72, Sugar
73, Amber
74, Dream
75, Apple
76, Laugh
77, Tiger
78, Faith
79, Earth
80, River
81, Money
82, Peace
83, Forty
84, Words
85, Smile
86, Abate
87, House
88, Alone
89, Watch
90, Lemon
91, South
92, Erica
93, Anime
94, After
95, Santa
96, Women
97, Admin
98, Jesus
99, China
100, Seven
101, World
102, About
103, Again
104, Heart
105, Pizza
106, Water
107, Happy
108, Sixty
109, Board
110, Month
111, Angel
112, Death
113, Green
114, Music
115, Fifty
116, Three
117, Party
118, Piano
119, Kelly
120, Mouth
121, Woman
122, Sugar
123, Amber
124, Dream
125, Apple
126, Laugh
127, Tiger
128, Faith
129, Earth
130, River
131, Money
132, Peace
133, Forty
134, Words
135, Smile
136, Abate
137, House
138, Alone
139, Watch
140, Lemon
141, South
142, Erica
143, Anime
144, After
145, Santa
146, Women
147, Admin
148, Jesus
149, China
150, Seven
151, World
152, About
153, Again
154, Heart
155, Pizza
156, Water
157, Happy
158, Sixty
159, Board
160, Month
161, Angel
162, Death
163, Green
164, Music
165, Fifty
166, Three
167, Party
168, Piano
169, Kelly
170, Mouth
171, Woman
172, Sugar
173, Amber
174, Dream
175, Apple
176, Laugh
177, Tiger
178, Faith
179, Earth
180, River
181, Money
182, Peace
183, Forty
184, Words
185, Smile
186, Abate
187, House
188, Alone
189, Watch
190, Lemon
191, South
192, Erica
193, Anime
194, After
195, Santa
196, Women
197, Admin
198, Jesus
199, China
